,Brands,type_,year,car_age,km,fuel,Prices,owner,downpayments
0,MG,HECTOR,2020,2,6707.0,Petrol,1570899,1st,30711
1,Hyundai,Santro,2013,9,27748.0,Petrol,206799,1st,4043
2,KIA,SELTOS,2019,3,15503.0,Petrol,1508899,1st,29499
3,Maruti,Baleno,2016,6,36021.0,Petrol,478899,1st,9363
4,Maruti,Swift,2018,4,28502.0,Petrol,552999,1st,10811
5,Maruti,Alto,2014,8,20114.0,Petrol,266999,1st,5220
6,Hyundai,i10,2013,9,52004.0,Petrol,272499,2nd,5327
7,Hyundai,Verna,2011,11,58939.0,Petrol,371599,2nd,7265
8,Toyota,Etios,2012,10,45094.0,Petrol,253899,2nd,4964
9,Maruti,Celerio,2017,5,33567.0,Petrol,375899,1st,7349
10,Hyundai,Elite,2015,7,6880.0,Petrol,577799,1st,11296
11,Maruti,Wagon,2016,6,39225.0,Petrol,305399,2nd,5971
12,Maruti,Alto,2015,7,24432.0,Petrol,254399,1st,4974
13,Renault,Kwid,2020,2,36551.0,Petrol,421199,1st,8235
14,Maruti,Baleno,2016,6,29068.0,Petrol,511799,1st,10006
15,Maruti,Alto,2015,7,43764.0,Petrol,241321,1st,4718
16,KIA,SELTOS,2019,3,7946.0,Petrol,1022999,1st,20000
17,Maruti,Dzire,2018,4,8242.0,Diesel,705899,2nd,13800
18,Maruti,Celerio,2018,4,17885.0,Petrol,426799,1st,8344
19,Honda,Brio,2013,9,42217.0,Petrol,286899,2nd,5609
20,MG,HECTOR,2020,2,6707.0,Petrol,1570899,1st,30711
21,Hyundai,Santro,2013,9,27748.0,Petrol,206799,1st,4043
22,KIA,SELTOS,2019,3,15503.0,Petrol,1508899,1st,29499
23,Maruti,Baleno,2016,6,36021.0,Petrol,478899,1st,9363
24,Maruti,Swift,2018,4,28502.0,Petrol,552999,1st,10811
25,Maruti,Alto,2014,8,20114.0,Petrol,266999,1st,5220
26,Hyundai,i10,2013,9,52004.0,Petrol,272499,2nd,5327
27,Hyundai,Verna,2011,11,58939.0,Petrol,371599,2nd,7265
28,Toyota,Etios,2012,10,45094.0,Petrol,253899,2nd,4964
29,Maruti,Celerio,2017,5,33567.0,Petrol,375899,1st,7349
30,Hyundai,Elite,2015,7,6880.0,Petrol,577799,1st,11296
31,Maruti,Wagon,2016,6,39225.0,Petrol,305399,2nd,5971
32,Maruti,Alto,2015,7,24432.0,Petrol,254399,1st,4974
33,Renault,Kwid,2020,2,36551.0,Petrol,421199,1st,8235
34,Maruti,Baleno,2016,6,29068.0,Petrol,511799,1st,10006
35,Maruti,Alto,2015,7,43764.0,Petrol,241321,1st,4718
36,KIA,SELTOS,2019,3,7946.0,Petrol,1022999,1st,20000
37,Maruti,Dzire,2018,4,8242.0,Diesel,705899,2nd,13800
38,Maruti,Celerio,2018,4,17885.0,Petrol,426799,1st,8344
39,Honda,Brio,2013,9,42217.0,Petrol,286899,2nd,5609
40,MG,HECTOR,2020,2,6707.0,Petrol,1570899,1st,30711
41,Hyundai,Santro,2013,9,27748.0,Petrol,206799,1st,4043
42,KIA,SELTOS,2019,3,15503.0,Petrol,1508899,1st,29499
43,Maruti,Baleno,2016,6,36021.0,Petrol,478899,1st,9363
44,Maruti,Swift,2018,4,28502.0,Petrol,552999,1st,10811
45,Maruti,Alto,2014,8,20114.0,Petrol,266999,1st,5220
46,Hyundai,i10,2013,9,52004.0,Petrol,272499,2nd,5327
47,Hyundai,Verna,2011,11,58939.0,Petrol,371599,2nd,7265
48,Toyota,Etios,2012,10,45094.0,Petrol,253899,2nd,4964
49,Maruti,Celerio,2017,5,33567.0,Petrol,375899,1st,7349
50,Hyundai,Elite,2015,7,6880.0,Petrol,577799,1st,11296
51,Maruti,Wagon,2016,6,39225.0,Petrol,305399,2nd,5971
52,Maruti,Alto,2015,7,24432.0,Petrol,254399,1st,4974
53,Renault,Kwid,2020,2,36551.0,Petrol,421199,1st,8235
54,Maruti,Baleno,2016,6,29068.0,Petrol,511799,1st,10006
55,Maruti,Alto,2015,7,43764.0,Petrol,241321,1st,4718
56,KIA,SELTOS,2019,3,7946.0,Petrol,1022999,1st,20000
57,Maruti,Dzire,2018,4,8242.0,Diesel,705899,2nd,13800
58,Maruti,Celerio,2018,4,17885.0,Petrol,426799,1st,8344
59,Honda,Brio,2013,9,42217.0,Petrol,286899,2nd,5609
60,MG,HECTOR,2020,2,6707.0,Petrol,1570899,1st,30711
61,Hyundai,Santro,2013,9,27748.0,Petrol,206799,1st,4043
62,KIA,SELTOS,2019,3,15503.0,Petrol,1508899,1st,29499
63,Maruti,Baleno,2016,6,36021.0,Petrol,478899,1st,9363
64,Maruti,Swift,2018,4,28502.0,Petrol,552999,1st,10811
65,Maruti,Alto,2014,8,20114.0,Petrol,266999,1st,5220
66,Hyundai,i10,2013,9,52004.0,Petrol,272499,2nd,5327
67,Hyundai,Verna,2011,11,58939.0,Petrol,371599,2nd,7265
68,Toyota,Etios,2012,10,45094.0,Petrol,253899,2nd,4964
69,Maruti,Celerio,2017,5,33567.0,Petrol,375899,1st,7349
70,Hyundai,Elite,2015,7,6880.0,Petrol,577799,1st,11296
71,Maruti,Wagon,2016,6,39225.0,Petrol,305399,2nd,5971
72,Maruti,Alto,2015,7,24432.0,Petrol,254399,1st,4974
73,Renault,Kwid,2020,2,36551.0,Petrol,421199,1st,8235
74,Maruti,Baleno,2016,6,29068.0,Petrol,511799,1st,10006
75,Maruti,Alto,2015,7,43764.0,Petrol,241321,1st,4718
76,KIA,SELTOS,2019,3,7946.0,Petrol,1022999,1st,20000
77,Maruti,Dzire,2018,4,8242.0,Diesel,705899,2nd,13800
78,Maruti,Celerio,2018,4,17885.0,Petrol,426799,1st,8344
79,Honda,Brio,2013,9,42217.0,Petrol,286899,2nd,5609
80,MG,HECTOR,2020,2,6707.0,Petrol,1570899,1st,30711
81,Hyundai,Santro,2013,9,27748.0,Petrol,206799,1st,4043
82,KIA,SELTOS,2019,3,15503.0,Petrol,1508899,1st,29499
83,Maruti,Baleno,2016,6,36021.0,Petrol,478899,1st,9363
84,Maruti,Swift,2018,4,28502.0,Petrol,552999,1st,10811
85,Maruti,Alto,2014,8,20114.0,Petrol,266999,1st,5220
86,Hyundai,i10,2013,9,52004.0,Petrol,272499,2nd,5327
87,Hyundai,Verna,2011,11,58939.0,Petrol,371599,2nd,7265
88,Toyota,Etios,2012,10,45094.0,Petrol,253899,2nd,4964
89,Maruti,Celerio,2017,5,33567.0,Petrol,375899,1st,7349
90,Hyundai,Elite,2015,7,6880.0,Petrol,577799,1st,11296
91,Maruti,Wagon,2016,6,39225.0,Petrol,305399,2nd,5971
92,Maruti,Alto,2015,7,24432.0,Petrol,254399,1st,4974
93,Renault,Kwid,2020,2,36551.0,Petrol,421199,1st,8235
94,Maruti,Baleno,2016,6,29068.0,Petrol,511799,1st,10006
95,Maruti,Alto,2015,7,43764.0,Petrol,241321,1st,4718
96,KIA,SELTOS,2019,3,7946.0,Petrol,1022999,1st,20000
97,Maruti,Dzire,2018,4,8242.0,Diesel,705899,2nd,13800
98,Maruti,Celerio,2018,4,17885.0,Petrol,426799,1st,8344
99,Honda,Brio,2013,9,42217.0,Petrol,286899,2nd,5609
100,MG,HECTOR,2020,2,6707.0,Petrol,1570899,1st,30711
101,Hyundai,Santro,2013,9,27748.0,Petrol,206799,1st,4043
102,KIA,SELTOS,2019,3,15503.0,Petrol,1508899,1st,29499
103,Maruti,Baleno,2016,6,36021.0,Petrol,478899,1st,9363
104,Maruti,Swift,2018,4,28502.0,Petrol,552999,1st,10811
105,Maruti,Alto,2014,8,20114.0,Petrol,266999,1st,5220
106,Hyundai,i10,2013,9,52004.0,Petrol,272499,2nd,5327
107,Hyundai,Verna,2011,11,58939.0,Petrol,371599,2nd,7265
108,Toyota,Etios,2012,10,45094.0,Petrol,253899,2nd,4964
109,Maruti,Celerio,2017,5,33567.0,Petrol,375899,1st,7349
110,Hyundai,Elite,2015,7,6880.0,Petrol,577799,1st,11296
111,Maruti,Wagon,2016,6,39225.0,Petrol,305399,2nd,5971
112,Maruti,Alto,2015,7,24432.0,Petrol,254399,1st,4974
113,Renault,Kwid,2020,2,36551.0,Petrol,421199,1st,8235
114,Maruti,Baleno,2016,6,29068.0,Petrol,511799,1st,10006
115,Maruti,Alto,2015,7,43764.0,Petrol,241321,1st,4718
116,KIA,SELTOS,2019,3,7946.0,Petrol,1022999,1st,20000
117,Maruti,Dzire,2018,4,8242.0,Diesel,705899,2nd,13800
118,Maruti,Celerio,2018,4,17885.0,Petrol,426799,1st,8344
119,Honda,Brio,2013,9,42217.0,Petrol,286899,2nd,5609
120,MG,HECTOR,2020,2,6707.0,Petrol,1570899,1st,30711
121,Hyundai,Santro,2013,9,27748.0,Petrol,206799,1st,4043
122,KIA,SELTOS,2019,3,15503.0,Petrol,1508899,1st,29499
123,Maruti,Baleno,2016,6,36021.0,Petrol,478899,1st,9363
124,Maruti,Swift,2018,4,28502.0,Petrol,552999,1st,10811
125,Maruti,Alto,2014,8,20114.0,Petrol,266999,1st,5220
126,Hyundai,i10,2013,9,52004.0,Petrol,272499,2nd,5327
127,Hyundai,Verna,2011,11,58939.0,Petrol,371599,2nd,7265
128,Toyota,Etios,2012,10,45094.0,Petrol,253899,2nd,4964
129,Maruti,Celerio,2017,5,33567.0,Petrol,375899,1st,7349
130,Hyundai,Elite,2015,7,6880.0,Petrol,577799,1st,11296
131,Maruti,Wagon,2016,6,39225.0,Petrol,305399,2nd,5971
132,Maruti,Alto,2015,7,24432.0,Petrol,254399,1st,4974
133,Renault,Kwid,2020,2,36551.0,Petrol,421199,1st,8235
134,Maruti,Baleno,2016,6,29068.0,Petrol,511799,1st,10006
135,Maruti,Alto,2015,7,43764.0,Petrol,241321,1st,4718
136,KIA,SELTOS,2019,3,7946.0,Petrol,1022999,1st,20000
137,Maruti,Dzire,2018,4,8242.0,Diesel,705899,2nd,13800
138,Maruti,Celerio,2018,4,17885.0,Petrol,426799,1st,8344
139,Honda,Brio,2013,9,42217.0,Petrol,286899,2nd,5609
140,MG,HECTOR,2020,2,6707.0,Petrol,1570899,1st,30711
141,Hyundai,Santro,2013,9,27748.0,Petrol,206799,1st,4043
142,KIA,SELTOS,2019,3,15503.0,Petrol,1508899,1st,29499
143,Maruti,Baleno,2016,6,36021.0,Petrol,478899,1st,9363
144,Maruti,Swift,2018,4,28502.0,Petrol,552999,1st,10811
145,Maruti,Alto,2014,8,20114.0,Petrol,266999,1st,5220
146,Hyundai,i10,2013,9,52004.0,Petrol,272499,2nd,5327
147,Hyundai,Verna,2011,11,58939.0,Petrol,371599,2nd,7265
148,Toyota,Etios,2012,10,45094.0,Petrol,253899,2nd,4964
149,Maruti,Celerio,2017,5,33567.0,Petrol,375899,1st,7349
150,Hyundai,Elite,2015,7,6880.0,Petrol,577799,1st,11296
151,Maruti,Wagon,2016,6,39225.0,Petrol,305399,2nd,5971
152,Maruti,Alto,2015,7,24432.0,Petrol,254399,1st,4974
153,Renault,Kwid,2020,2,36551.0,Petrol,421199,1st,8235
154,Maruti,Baleno,2016,6,29068.0,Petrol,511799,1st,10006
155,Maruti,Alto,2015,7,43764.0,Petrol,241321,1st,4718
156,KIA,SELTOS,2019,3,7946.0,Petrol,1022999,1st,20000
157,Maruti,Dzire,2018,4,8242.0,Diesel,705899,2nd,13800
158,Maruti,Celerio,2018,4,17885.0,Petrol,426799,1st,8344
159,Honda,Brio,2013,9,42217.0,Petrol,286899,2nd,5609
160,MG,HECTOR,2020,2,6707.0,Petrol,1570899,1st,30711
161,Hyundai,Santro,2013,9,27748.0,Petrol,206799,1st,4043
162,KIA,SELTOS,2019,3,15503.0,Petrol,1508899,1st,29499
163,Maruti,Baleno,2016,6,36021.0,Petrol,478899,1st,9363
164,Maruti,Swift,2018,4,28502.0,Petrol,552999,1st,10811
165,Maruti,Alto,2014,8,20114.0,Petrol,266999,1st,5220
166,Hyundai,i10,2013,9,52004.0,Petrol,272499,2nd,5327
167,Hyundai,Verna,2011,11,58939.0,Petrol,371599,2nd,7265
168,Toyota,Etios,2012,10,45094.0,Petrol,253899,2nd,4964
169,Maruti,Celerio,2017,5,33567.0,Petrol,375899,1st,7349
170,Hyundai,Elite,2015,7,6880.0,Petrol,577799,1st,11296
171,Maruti,Wagon,2016,6,39225.0,Petrol,305399,2nd,5971
172,Maruti,Alto,2015,7,24432.0,Petrol,254399,1st,4974
173,Renault,Kwid,2020,2,36551.0,Petrol,421199,1st,8235
174,Maruti,Baleno,2016,6,29068.0,Petrol,511799,1st,10006
175,Maruti,Alto,2015,7,43764.0,Petrol,241321,1st,4718
176,KIA,SELTOS,2019,3,7946.0,Petrol,1022999,1st,20000
177,Maruti,Dzire,2018,4,8242.0,Diesel,705899,2nd,13800
178,Maruti,Celerio,2018,4,17885.0,Petrol,426799,1st,8344
179,Honda,Brio,2013,9,42217.0,Petrol,286899,2nd,5609
180,MG,HECTOR,2020,2,6707.0,Petrol,1570899,1st,30711
181,Hyundai,Santro,2013,9,27748.0,Petrol,206799,1st,4043
182,KIA,SELTOS,2019,3,15503.0,Petrol,1508899,1st,29499
183,Maruti,Baleno,2016,6,36021.0,Petrol,478899,1st,9363
184,Maruti,Swift,2018,4,28502.0,Petrol,552999,1st,10811
185,Maruti,Alto,2014,8,20114.0,Petrol,266999,1st,5220
186,Hyundai,i10,2013,9,52004.0,Petrol,272499,2nd,5327
187,Hyundai,Verna,2011,11,58939.0,Petrol,371599,2nd,7265
188,Toyota,Etios,2012,10,45094.0,Petrol,253899,2nd,4964
189,Maruti,Celerio,2017,5,33567.0,Petrol,375899,1st,7349
190,Hyundai,Elite,2015,7,6880.0,Petrol,577799,1st,11296
191,Maruti,Wagon,2016,6,39225.0,Petrol,305399,2nd,5971
192,Maruti,Alto,2015,7,24432.0,Petrol,254399,1st,4974
193,Renault,Kwid,2020,2,36551.0,Petrol,421199,1st,8235
194,Maruti,Baleno,2016,6,29068.0,Petrol,511799,1st,10006
195,Maruti,Alto,2015,7,43764.0,Petrol,241321,1st,4718
196,KIA,SELTOS,2019,3,7946.0,Petrol,1022999,1st,20000
197,Maruti,Dzire,2018,4,8242.0,Diesel,705899,2nd,13800
198,Maruti,Celerio,2018,4,17885.0,Petrol,426799,1st,8344
199,Honda,Brio,2013,9,42217.0,Petrol,286899,2nd,5609
200,MG,HECTOR,2020,2,6707.0,Petrol,1570899,1st,30711
201,Hyundai,Santro,2013,9,27748.0,Petrol,206799,1st,4043
202,KIA,SELTOS,2019,3,15503.0,Petrol,1508899,1st,29499
203,Maruti,Baleno,2016,6,36021.0,Petrol,478899,1st,9363
204,Maruti,Swift,2018,4,28502.0,Petrol,552999,1st,10811
205,Maruti,Alto,2014,8,20114.0,Petrol,266999,1st,5220
206,Hyundai,i10,2013,9,52004.0,Petrol,272499,2nd,5327
207,Hyundai,Verna,2011,11,58939.0,Petrol,371599,2nd,7265
208,Toyota,Etios,2012,10,45094.0,Petrol,253899,2nd,4964
209,Maruti,Celerio,2017,5,33567.0,Petrol,375899,1st,7349
210,Hyundai,Elite,2015,7,6880.0,Petrol,577799,1st,11296
211,Maruti,Wagon,2016,6,39225.0,Petrol,305399,2nd,5971
212,Maruti,Alto,2015,7,24432.0,Petrol,254399,1st,4974
213,Renault,Kwid,2020,2,36551.0,Petrol,421199,1st,8235
214,Maruti,Baleno,2016,6,29068.0,Petrol,511799,1st,10006
215,Maruti,Alto,2015,7,43764.0,Petrol,241321,1st,4718
216,KIA,SELTOS,2019,3,7946.0,Petrol,1022999,1st,20000
217,Maruti,Dzire,2018,4,8242.0,Diesel,705899,2nd,13800
218,Maruti,Celerio,2018,4,17885.0,Petrol,426799,1st,8344
219,Honda,Brio,2013,9,42217.0,Petrol,286899,2nd,5609
220,MG,HECTOR,2020,2,6707.0,Petrol,1570899,1st,30711
221,Hyundai,Santro,2013,9,27748.0,Petrol,206799,1st,4043
222,KIA,SELTOS,2019,3,15503.0,Petrol,1508899,1st,29499
223,Maruti,Baleno,2016,6,36021.0,Petrol,478899,1st,9363
224,Maruti,Swift,2018,4,28502.0,Petrol,552999,1st,10811
225,Maruti,Alto,2014,8,20114.0,Petrol,266999,1st,5220
226,Hyundai,i10,2013,9,52004.0,Petrol,272499,2nd,5327
227,Hyundai,Verna,2011,11,58939.0,Petrol,371599,2nd,7265
228,Toyota,Etios,2012,10,45094.0,Petrol,253899,2nd,4964
229,Maruti,Celerio,2017,5,33567.0,Petrol,375899,1st,7349
230,Hyundai,Elite,2015,7,6880.0,Petrol,577799,1st,11296
231,Maruti,Wagon,2016,6,39225.0,Petrol,305399,2nd,5971
232,Maruti,Alto,2015,7,24432.0,Petrol,254399,1st,4974
233,Renault,Kwid,2020,2,36551.0,Petrol,421199,1st,8235
234,Maruti,Baleno,2016,6,29068.0,Petrol,511799,1st,10006
235,Maruti,Alto,2015,7,43764.0,Petrol,241321,1st,4718
236,KIA,SELTOS,2019,3,7946.0,Petrol,1022999,1st,20000
237,Maruti,Dzire,2018,4,8242.0,Diesel,705899,2nd,13800
238,Maruti,Celerio,2018,4,17885.0,Petrol,426799,1st,8344
239,Honda,Brio,2013,9,42217.0,Petrol,286899,2nd,5609
240,MG,HECTOR,2020,2,6707.0,Petrol,1570899,1st,30711
241,Hyundai,Santro,2013,9,27748.0,Petrol,206799,1st,4043
242,KIA,SELTOS,2019,3,15503.0,Petrol,1508899,1st,29499
243,Maruti,Baleno,2016,6,36021.0,Petrol,478899,1st,9363
244,Maruti,Swift,2018,4,28502.0,Petrol,552999,1st,10811
245,Maruti,Alto,2014,8,20114.0,Petrol,266999,1st,5220
246,Hyundai,i10,2013,9,52004.0,Petrol,272499,2nd,5327
247,Hyundai,Verna,2011,11,58939.0,Petrol,371599,2nd,7265
248,Toyota,Etios,2012,10,45094.0,Petrol,253899,2nd,4964
249,Maruti,Celerio,2017,5,33567.0,Petrol,375899,1st,7349
250,Hyundai,Elite,2015,7,6880.0,Petrol,577799,1st,11296
251,Maruti,Wagon,2016,6,39225.0,Petrol,305399,2nd,5971
252,Maruti,Alto,2015,7,24432.0,Petrol,254399,1st,4974
253,Renault,Kwid,2020,2,36551.0,Petrol,421199,1st,8235
254,Maruti,Baleno,2016,6,29068.0,Petrol,511799,1st,10006
255,Maruti,Alto,2015,7,43764.0,Petrol,241321,1st,4718
256,KIA,SELTOS,2019,3,7946.0,Petrol,1022999,1st,20000
257,Maruti,Dzire,2018,4,8242.0,Diesel,705899,2nd,13800
258,Maruti,Celerio,2018,4,17885.0,Petrol,426799,1st,8344
259,Honda,Brio,2013,9,42217.0,Petrol,286899,2nd,5609
260,MG,HECTOR,2020,2,6707.0,Petrol,1570899,1st,30711
261,Hyundai,Santro,2013,9,27748.0,Petrol,206799,1st,4043
262,KIA,SELTOS,2019,3,15503.0,Petrol,1508899,1st,29499
263,Maruti,Baleno,2016,6,36021.0,Petrol,478899,1st,9363
264,Maruti,Swift,2018,4,28502.0,Petrol,552999,1st,10811
265,Maruti,Alto,2014,8,20114.0,Petrol,266999,1st,5220
266,Hyundai,i10,2013,9,52004.0,Petrol,272499,2nd,5327
267,Hyundai,Verna,2011,11,58939.0,Petrol,371599,2nd,7265
268,Toyota,Etios,2012,10,45094.0,Petrol,253899,2nd,4964
269,Maruti,Celerio,2017,5,33567.0,Petrol,375899,1st,7349
270,Hyundai,Elite,2015,7,6880.0,Petrol,577799,1st,11296
271,Maruti,Wagon,2016,6,39225.0,Petrol,305399,2nd,5971
272,Maruti,Alto,2015,7,24432.0,Petrol,254399,1st,4974
273,Renault,Kwid,2020,2,36551.0,Petrol,421199,1st,8235
274,Maruti,Baleno,2016,6,29068.0,Petrol,511799,1st,10006
275,Maruti,Alto,2015,7,43764.0,Petrol,241321,1st,4718
276,KIA,SELTOS,2019,3,7946.0,Petrol,1022999,1st,20000
277,Maruti,Dzire,2018,4,8242.0,Diesel,705899,2nd,13800
278,Maruti,Celerio,2018,4,17885.0,Petrol,426799,1st,8344
279,Honda,Brio,2013,9,42217.0,Petrol,286899,2nd,5609
280,MG,HECTOR,2020,2,6707.0,Petrol,1570899,1st,30711
281,Hyundai,Santro,2013,9,27748.0,Petrol,206799,1st,4043
282,KIA,SELTOS,2019,3,15503.0,Petrol,1508899,1st,29499
283,Maruti,Baleno,2016,6,36021.0,Petrol,478899,1st,9363
284,Maruti,Swift,2018,4,28502.0,Petrol,552999,1st,10811
285,Maruti,Alto,2014,8,20114.0,Petrol,266999,1st,5220
286,Hyundai,i10,2013,9,52004.0,Petrol,272499,2nd,5327
287,Hyundai,Verna,2011,11,58939.0,Petrol,371599,2nd,7265
288,Toyota,Etios,2012,10,45094.0,Petrol,253899,2nd,4964
289,Maruti,Celerio,2017,5,33567.0,Petrol,375899,1st,7349
290,Hyundai,Elite,2015,7,6880.0,Petrol,577799,1st,11296
291,Maruti,Wagon,2016,6,39225.0,Petrol,305399,2nd,5971
292,Maruti,Alto,2015,7,24432.0,Petrol,254399,1st,4974
293,Renault,Kwid,2020,2,36551.0,Petrol,421199,1st,8235
294,Maruti,Baleno,2016,6,29068.0,Petrol,511799,1st,10006
295,Maruti,Alto,2015,7,43764.0,Petrol,241321,1st,4718
296,KIA,SELTOS,2019,3,7946.0,Petrol,1022999,1st,20000
297,Maruti,Dzire,2018,4,8242.0,Diesel,705899,2nd,13800
298,Maruti,Celerio,2018,4,17885.0,Petrol,426799,1st,8344
299,Honda,Brio,2013,9,42217.0,Petrol,286899,2nd,5609
300,MG,HECTOR,2020,2,6707.0,Petrol,1570899,1st,30711
301,Hyundai,Santro,2013,9,27748.0,Petrol,206799,1st,4043
302,KIA,SELTOS,2019,3,15503.0,Petrol,1508899,1st,29499
303,Maruti,Baleno,2016,6,36021.0,Petrol,478899,1st,9363
304,Maruti,Swift,2018,4,28502.0,Petrol,552999,1st,10811
305,Maruti,Alto,2014,8,20114.0,Petrol,266999,1st,5220
306,Hyundai,i10,2013,9,52004.0,Petrol,272499,2nd,5327
307,Hyundai,Verna,2011,11,58939.0,Petrol,371599,2nd,7265
308,Toyota,Etios,2012,10,45094.0,Petrol,253899,2nd,4964
309,Maruti,Celerio,2017,5,33567.0,Petrol,375899,1st,7349
310,Hyundai,Elite,2015,7,6880.0,Petrol,577799,1st,11296
311,Maruti,Wagon,2016,6,39225.0,Petrol,305399,2nd,5971
312,Maruti,Alto,2015,7,24432.0,Petrol,254399,1st,4974
313,Renault,Kwid,2020,2,36551.0,Petrol,421199,1st,8235
314,Maruti,Baleno,2016,6,29068.0,Petrol,511799,1st,10006
315,Maruti,Alto,2015,7,43764.0,Petrol,241321,1st,4718
316,KIA,SELTOS,2019,3,7946.0,Petrol,1022999,1st,20000
317,Maruti,Dzire,2018,4,8242.0,Diesel,705899,2nd,13800
318,Maruti,Celerio,2018,4,17885.0,Petrol,426799,1st,8344
319,Honda,Brio,2013,9,42217.0,Petrol,286899,2nd,5609
320,MG,HECTOR,2020,2,6707.0,Petrol,1570899,1st,30711
321,Hyundai,Santro,2013,9,27748.0,Petrol,206799,1st,4043
322,KIA,SELTOS,2019,3,15503.0,Petrol,1508899,1st,29499
323,Maruti,Baleno,2016,6,36021.0,Petrol,478899,1st,9363
324,Maruti,Swift,2018,4,28502.0,Petrol,552999,1st,10811
325,Maruti,Alto,2014,8,20114.0,Petrol,266999,1st,5220
326,Hyundai,i10,2013,9,52004.0,Petrol,272499,2nd,5327
327,Hyundai,Verna,2011,11,58939.0,Petrol,371599,2nd,7265
328,Toyota,Etios,2012,10,45094.0,Petrol,253899,2nd,4964
329,Maruti,Celerio,2017,5,33567.0,Petrol,375899,1st,7349
330,Hyundai,Elite,2015,7,6880.0,Petrol,577799,1st,11296
331,Maruti,Wagon,2016,6,39225.0,Petrol,305399,2nd,5971
332,Maruti,Alto,2015,7,24432.0,Petrol,254399,1st,4974
333,Renault,Kwid,2020,2,36551.0,Petrol,421199,1st,8235
334,Maruti,Baleno,2016,6,29068.0,Petrol,511799,1st,10006
335,Maruti,Alto,2015,7,43764.0,Petrol,241321,1st,4718
336,KIA,SELTOS,2019,3,7946.0,Petrol,1022999,1st,20000
337,Maruti,Dzire,2018,4,8242.0,Diesel,705899,2nd,13800
338,Maruti,Celerio,2018,4,17885.0,Petrol,426799,1st,8344
339,Honda,Brio,2013,9,42217.0,Petrol,286899,2nd,5609
340,MG,HECTOR,2020,2,6707.0,Petrol,1570899,1st,30711
341,Hyundai,Santro,2013,9,27748.0,Petrol,206799,1st,4043
342,KIA,SELTOS,2019,3,15503.0,Petrol,1508899,1st,29499
343,Maruti,Baleno,2016,6,36021.0,Petrol,478899,1st,9363
344,Maruti,Swift,2018,4,28502.0,Petrol,552999,1st,10811
345,Maruti,Alto,2014,8,20114.0,Petrol,266999,1st,5220
346,Hyundai,i10,2013,9,52004.0,Petrol,272499,2nd,5327
347,Hyundai,Verna,2011,11,58939.0,Petrol,371599,2nd,7265
348,Toyota,Etios,2012,10,45094.0,Petrol,253899,2nd,4964
349,Maruti,Celerio,2017,5,33567.0,Petrol,375899,1st,7349
350,Hyundai,Elite,2015,7,6880.0,Petrol,577799,1st,11296
351,Maruti,Wagon,2016,6,39225.0,Petrol,305399,2nd,5971
352,Maruti,Alto,2015,7,24432.0,Petrol,254399,1st,4974
353,Renault,Kwid,2020,2,36551.0,Petrol,421199,1st,8235
354,Maruti,Baleno,2016,6,29068.0,Petrol,511799,1st,10006
355,Maruti,Alto,2015,7,43764.0,Petrol,241321,1st,4718
356,KIA,SELTOS,2019,3,7946.0,Petrol,1022999,1st,20000
357,Maruti,Dzire,2018,4,8242.0,Diesel,705899,2nd,13800
358,Maruti,Celerio,2018,4,17885.0,Petrol,426799,1st,8344
359,Honda,Brio,2013,9,42217.0,Petrol,286899,2nd,5609
360,MG,HECTOR,2020,2,6707.0,Petrol,1570899,1st,30711
361,Hyundai,Santro,2013,9,27748.0,Petrol,206799,1st,4043
362,KIA,SELTOS,2019,3,15503.0,Petrol,1508899,1st,29499
363,Maruti,Baleno,2016,6,36021.0,Petrol,478899,1st,9363
364,Maruti,Swift,2018,4,28502.0,Petrol,552999,1st,10811
365,Maruti,Alto,2014,8,20114.0,Petrol,266999,1st,5220
366,Hyundai,i10,2013,9,52004.0,Petrol,272499,2nd,5327
367,Hyundai,Verna,2011,11,58939.0,Petrol,371599,2nd,7265
368,Toyota,Etios,2012,10,45094.0,Petrol,253899,2nd,4964
369,Maruti,Celerio,2017,5,33567.0,Petrol,375899,1st,7349
370,Hyundai,Elite,2015,7,6880.0,Petrol,577799,1st,11296
371,Maruti,Wagon,2016,6,39225.0,Petrol,305399,2nd,5971
372,Maruti,Alto,2015,7,24432.0,Petrol,254399,1st,4974
373,Renault,Kwid,2020,2,36551.0,Petrol,421199,1st,8235
374,Maruti,Baleno,2016,6,29068.0,Petrol,511799,1st,10006
375,Maruti,Alto,2015,7,43764.0,Petrol,241321,1st,4718
376,KIA,SELTOS,2019,3,7946.0,Petrol,1022999,1st,20000
377,Maruti,Dzire,2018,4,8242.0,Diesel,705899,2nd,13800
378,Maruti,Celerio,2018,4,17885.0,Petrol,426799,1st,8344
379,Honda,Brio,2013,9,42217.0,Petrol,286899,2nd,5609
380,MG,HECTOR,2020,2,6707.0,Petrol,1570899,1st,30711
381,Hyundai,Santro,2013,9,27748.0,Petrol,206799,1st,4043
382,KIA,SELTOS,2019,3,15503.0,Petrol,1508899,1st,29499
383,Maruti,Baleno,2016,6,36021.0,Petrol,478899,1st,9363
384,Maruti,Swift,2018,4,28502.0,Petrol,552999,1st,10811
385,Maruti,Alto,2014,8,20114.0,Petrol,266999,1st,5220
386,Hyundai,i10,2013,9,52004.0,Petrol,272499,2nd,5327
387,Hyundai,Verna,2011,11,58939.0,Petrol,371599,2nd,7265
388,Toyota,Etios,2012,10,45094.0,Petrol,253899,2nd,4964
389,Maruti,Celerio,2017,5,33567.0,Petrol,375899,1st,7349
390,Hyundai,Elite,2015,7,6880.0,Petrol,577799,1st,11296
391,Maruti,Wagon,2016,6,39225.0,Petrol,305399,2nd,5971
392,Maruti,Alto,2015,7,24432.0,Petrol,254399,1st,4974
393,Renault,Kwid,2020,2,36551.0,Petrol,421199,1st,8235
394,Maruti,Baleno,2016,6,29068.0,Petrol,511799,1st,10006
395,Maruti,Alto,2015,7,43764.0,Petrol,241321,1st,4718
396,KIA,SELTOS,2019,3,7946.0,Petrol,1022999,1st,20000
397,Maruti,Dzire,2018,4,8242.0,Diesel,705899,2nd,13800
398,Maruti,Celerio,2018,4,17885.0,Petrol,426799,1st,8344
399,Honda,Brio,2013,9,42217.0,Petrol,286899,2nd,5609
400,MG,HECTOR,2020,2,6707.0,Petrol,1570899,1st,30711
401,Hyundai,Santro,2013,9,27748.0,Petrol,206799,1st,4043
402,KIA,SELTOS,2019,3,15503.0,Petrol,1508899,1st,29499
403,Maruti,Baleno,2016,6,36021.0,Petrol,478899,1st,9363
404,Maruti,Swift,2018,4,28502.0,Petrol,552999,1st,10811
405,Maruti,Alto,2014,8,20114.0,Petrol,266999,1st,5220
406,Hyundai,i10,2013,9,52004.0,Petrol,272499,2nd,5327
407,Hyundai,Verna,2011,11,58939.0,Petrol,371599,2nd,7265
408,Toyota,Etios,2012,10,45094.0,Petrol,253899,2nd,4964
409,Maruti,Celerio,2017,5,33567.0,Petrol,375899,1st,7349
410,Hyundai,Elite,2015,7,6880.0,Petrol,577799,1st,11296
411,Maruti,Wagon,2016,6,39225.0,Petrol,305399,2nd,5971
412,Maruti,Alto,2015,7,24432.0,Petrol,254399,1st,4974
413,Renault,Kwid,2020,2,36551.0,Petrol,421199,1st,8235
414,Maruti,Baleno,2016,6,29068.0,Petrol,511799,1st,10006
415,Maruti,Alto,2015,7,43764.0,Petrol,241321,1st,4718
416,KIA,SELTOS,2019,3,7946.0,Petrol,1022999,1st,20000
417,Maruti,Dzire,2018,4,8242.0,Diesel,705899,2nd,13800
418,Maruti,Celerio,2018,4,17885.0,Petrol,426799,1st,8344
419,Honda,Brio,2013,9,42217.0,Petrol,286899,2nd,5609
420,MG,HECTOR,2020,2,6707.0,Petrol,1570899,1st,30711
421,Hyundai,Santro,2013,9,27748.0,Petrol,206799,1st,4043
422,KIA,SELTOS,2019,3,15503.0,Petrol,1508899,1st,29499
423,Maruti,Baleno,2016,6,36021.0,Petrol,478899,1st,9363
424,Maruti,Swift,2018,4,28502.0,Petrol,552999,1st,10811
425,Maruti,Alto,2014,8,20114.0,Petrol,266999,1st,5220
426,Hyundai,i10,2013,9,52004.0,Petrol,272499,2nd,5327
427,Hyundai,Verna,2011,11,58939.0,Petrol,371599,2nd,7265
428,Toyota,Etios,2012,10,45094.0,Petrol,253899,2nd,4964
429,Maruti,Celerio,2017,5,33567.0,Petrol,375899,1st,7349
430,Hyundai,Elite,2015,7,6880.0,Petrol,577799,1st,11296
431,Maruti,Wagon,2016,6,39225.0,Petrol,305399,2nd,5971
432,Maruti,Alto,2015,7,24432.0,Petrol,254399,1st,4974
433,Renault,Kwid,2020,2,36551.0,Petrol,421199,1st,8235
434,Maruti,Baleno,2016,6,29068.0,Petrol,511799,1st,10006
435,Maruti,Alto,2015,7,43764.0,Petrol,241321,1st,4718
436,KIA,SELTOS,2019,3,7946.0,Petrol,1022999,1st,20000
437,Maruti,Dzire,2018,4,8242.0,Diesel,705899,2nd,13800
438,Maruti,Celerio,2018,4,17885.0,Petrol,426799,1st,8344
439,Honda,Brio,2013,9,42217.0,Petrol,286899,2nd,5609
440,MG,HECTOR,2020,2,6707.0,Petrol,1570899,1st,30711
441,Hyundai,Santro,2013,9,27748.0,Petrol,206799,1st,4043
442,KIA,SELTOS,2019,3,15503.0,Petrol,1508899,1st,29499
443,Maruti,Baleno,2016,6,36021.0,Petrol,478899,1st,9363
444,Maruti,Swift,2018,4,28502.0,Petrol,552999,1st,10811
445,Maruti,Alto,2014,8,20114.0,Petrol,266999,1st,5220
446,Hyundai,i10,2013,9,52004.0,Petrol,272499,2nd,5327
447,Hyundai,Verna,2011,11,58939.0,Petrol,371599,2nd,7265
448,Toyota,Etios,2012,10,45094.0,Petrol,253899,2nd,4964
449,Maruti,Celerio,2017,5,33567.0,Petrol,375899,1st,7349
450,Hyundai,Elite,2015,7,6880.0,Petrol,577799,1st,11296
451,Maruti,Wagon,2016,6,39225.0,Petrol,305399,2nd,5971
452,Maruti,Alto,2015,7,24432.0,Petrol,254399,1st,4974
453,Renault,Kwid,2020,2,36551.0,Petrol,421199,1st,8235
454,Maruti,Baleno,2016,6,29068.0,Petrol,511799,1st,10006
455,Maruti,Alto,2015,7,43764.0,Petrol,241321,1st,4718
456,KIA,SELTOS,2019,3,7946.0,Petrol,1022999,1st,20000
457,Maruti,Dzire,2018,4,8242.0,Diesel,705899,2nd,13800
458,Maruti,Celerio,2018,4,17885.0,Petrol,426799,1st,8344
459,Honda,Brio,2013,9,42217.0,Petrol,286899,2nd,5609
460,MG,HECTOR,2020,2,6707.0,Petrol,1570899,1st,30711
461,Hyundai,Santro,2013,9,27748.0,Petrol,206799,1st,4043
462,KIA,SELTOS,2019,3,15503.0,Petrol,1508899,1st,29499
463,Maruti,Baleno,2016,6,36021.0,Petrol,478899,1st,9363
464,Maruti,Swift,2018,4,28502.0,Petrol,552999,1st,10811
465,Maruti,Alto,2014,8,20114.0,Petrol,266999,1st,5220
466,Hyundai,i10,2013,9,52004.0,Petrol,272499,2nd,5327
467,Hyundai,Verna,2011,11,58939.0,Petrol,371599,2nd,7265
468,Toyota,Etios,2012,10,45094.0,Petrol,253899,2nd,4964
469,Maruti,Celerio,2017,5,33567.0,Petrol,375899,1st,7349
470,Hyundai,Elite,2015,7,6880.0,Petrol,577799,1st,11296
471,Maruti,Wagon,2016,6,39225.0,Petrol,305399,2nd,5971
472,Maruti,Alto,2015,7,24432.0,Petrol,254399,1st,4974
473,Renault,Kwid,2020,2,36551.0,Petrol,421199,1st,8235
474,Maruti,Baleno,2016,6,29068.0,Petrol,511799,1st,10006
475,Maruti,Alto,2015,7,43764.0,Petrol,241321,1st,4718
476,KIA,SELTOS,2019,3,7946.0,Petrol,1022999,1st,20000
477,Maruti,Dzire,2018,4,8242.0,Diesel,705899,2nd,13800
478,Maruti,Celerio,2018,4,17885.0,Petrol,426799,1st,8344
479,Honda,Brio,2013,9,42217.0,Petrol,286899,2nd,5609
480,MG,HECTOR,2020,2,6707.0,Petrol,1570899,1st,30711
481,Hyundai,Santro,2013,9,27748.0,Petrol,206799,1st,4043
482,KIA,SELTOS,2019,3,15503.0,Petrol,1508899,1st,29499
483,Maruti,Baleno,2016,6,36021.0,Petrol,478899,1st,9363
484,Maruti,Swift,2018,4,28502.0,Petrol,552999,1st,10811
485,Maruti,Alto,2014,8,20114.0,Petrol,266999,1st,5220
486,Hyundai,i10,2013,9,52004.0,Petrol,272499,2nd,5327
487,Hyundai,Verna,2011,11,58939.0,Petrol,371599,2nd,7265
488,Toyota,Etios,2012,10,45094.0,Petrol,253899,2nd,4964
489,Maruti,Celerio,2017,5,33567.0,Petrol,375899,1st,7349
490,Hyundai,Elite,2015,7,6880.0,Petrol,577799,1st,11296
491,Maruti,Wagon,2016,6,39225.0,Petrol,305399,2nd,5971
492,Maruti,Alto,2015,7,24432.0,Petrol,254399,1st,4974
493,Renault,Kwid,2020,2,36551.0,Petrol,421199,1st,8235
494,Maruti,Baleno,2016,6,29068.0,Petrol,511799,1st,10006
495,Maruti,Alto,2015,7,43764.0,Petrol,241321,1st,4718
496,KIA,SELTOS,2019,3,7946.0,Petrol,1022999,1st,20000
497,Maruti,Dzire,2018,4,8242.0,Diesel,705899,2nd,13800
498,Maruti,Celerio,2018,4,17885.0,Petrol,426799,1st,8344
499,Honda,Brio,2013,9,42217.0,Petrol,286899,2nd,5609
